-- phpMyAdmin SQL Dump
-- version 4.7.7
-- https://www.phpmyadmin.net/
--
-- Host: 127.0.0.1
-- Generation Time: May 11, 2018 at 01:17 AM
-- Server version: 10.1.30-MariaDB
-- PHP Version: 7.1.14

SET SQL_MODE = "NO_AUTO_VALUE_ON_ZERO";
SET AUTOCOMMIT = 0;
START TRANSACTION;
SET time_zone = "+00:00";


/*!40101 SET @OLD_CHARACTER_SET_CLIENT=@@CHARACTER_SET_CLIENT */;
/*!40101 SET @OLD_CHARACTER_SET_RESULTS=@@CHARACTER_SET_RESULTS */;
/*!40101 SET @OLD_COLLATION_CONNECTION=@@COLLATION_CONNECTION */;
/*!40101 SET NAMES utf8mb4 */;

--
-- Database: `kam`
--

-- --------------------------------------------------------

--
-- Table structure for table `buy`
--

CREATE TABLE `buy` (
  `id` int(11) NOT NULL,
  `user_id` int(11) NOT NULL,
  `rev_id` int(11) NOT NULL,
  `order_id` int(11) NOT NULL,
  `buy_price` int(11) NOT NULL,
  `finish` tinyint(11) NOT NULL,
  `created_at` timestamp NOT NULL DEFAULT CURRENT_TIMESTAMP ON UPDATE CURRENT_TIMESTAMP,
  `updated_at` timestamp NOT NULL DEFAULT '0000-00-00 00:00:00'
) ENGINE=InnoDB DEFAULT CHARSET=utf8;

--
-- Dumping data for table `buy`
--

INSERT INTO `buy` (`id`, `user_id`, `rev_id`, `order_id`, `buy_price`, `finish`, `created_at`, `updated_at`) VALUES
(5, 1, 2, 30, 5, 2, '2018-04-28 19:12:36', '2018-04-28 17:12:36'),
(6, 1, 2, 31, 20, 1, '2018-04-27 17:40:54', '2018-04-27 15:40:54'),
(7, 1, 2, 32, 25, 1, '2018-04-28 19:14:38', '2018-04-28 17:14:38'),
(9, 1, 2, 34, 20, 1, '2018-04-28 20:44:13', '2018-04-28 18:44:13'),
(12, 1, 2, 37, 20, 0, '2018-04-30 14:30:06', '2018-04-30 14:30:06'),
(15, 1, 2, 38, 5, 1, '2018-05-04 19:29:26', '2018-05-04 19:29:26'),
(17, 2, 1, 33, 5, 1, '2018-05-05 14:20:08', '2018-05-05 14:20:08'),
(18, 2, 1, 35, 5, 1, '2018-05-05 14:20:21', '2018-05-05 14:20:21'),
(19, 2, 1, 36, 25, 1, '2018-05-05 14:20:48', '2018-05-05 14:20:48');

-- --------------------------------------------------------

--
-- Table structure for table `cats`
--

CREATE TABLE `cats` (
  `id` int(10) UNSIGNED NOT NULL,
  `name` varchar(191) COLLATE utf8mb4_unicode_ci NOT NULL,
  `des` varchar(191) COLLATE utf8mb4_unicode_ci NOT NULL,
  `created_at` timestamp NULL DEFAULT NULL,
  `updated_at` timestamp NULL DEFAULT NULL
) ENGINE=InnoDB DEFAULT CHARSET=utf8mb4 COLLATE=utf8mb4_unicode_ci;

--
-- Dumping data for table `cats`
--

INSERT INTO `cats` (`id`, `name`, `des`, `created_at`, `updated_at`) VALUES
(1, 'cars', 'هذا النص هو مثال لنص يمكن أن يستبدل في نفس المساحة، لقد تم توليد هذا النص من مولد النص العربى', NULL, NULL),
(2, 'flowers', 'هذا النص هو مثال لنص يمكن أن يستبدل في نفس المساحة، لقد تم توليد هذا النص من مولد النص العربى', NULL, NULL),
(3, 'flowers', 'هذا النص هو مثال لنص يمكن أن يستبدل في نفس المساحة، لقد تم توليد هذا النص من مولد النص العربى', NULL, NULL),
(4, 'flowers', 'هذا النص هو مثال لنص يمكن أن يستبدل في نفس المساحة، لقد تم توليد هذا النص من مولد النص العربى', NULL, NULL),
(5, 'flowers', 'هذا النص هو مثال لنص يمكن أن يستبدل في نفس المساحة، لقد تم توليد هذا النص من مولد النص العربى', NULL, NULL),
(6, 'flowers', 'هذا النص هو مثال لنص يمكن أن يستبدل في نفس المساحة، لقد تم توليد هذا النص من مولد النص العربى', NULL, NULL),
(7, 'flowers', 'هذا النص هو مثال لنص يمكن أن يستبدل في نفس المساحة، لقد تم توليد هذا النص من مولد النص العربى', NULL, NULL),
(8, 'flowers', 'هذا النص هو مثال لنص يمكن أن يستبدل في نفس المساحة، لقد تم توليد هذا النص من مولد النص العربى', NULL, NULL),
(9, 'flowers', 'هذا النص هو مثال لنص يمكن أن يستبدل في نفس المساحة، لقد تم توليد هذا النص من مولد النص العربى', NULL, NULL),
(10, 'flowers', 'هذا النص هو مثال لنص يمكن أن يستبدل في نفس المساحة، لقد تم توليد هذا النص من مولد النص العربى', NULL, NULL);

-- --------------------------------------------------------

--
-- Table structure for table `comments`
--

CREATE TABLE `comments` (
  `id` int(10) UNSIGNED NOT NULL,
  `order_id` int(11) NOT NULL,
  `comment` varchar(1000) COLLATE utf8mb4_unicode_ci NOT NULL,
  `user_id` int(11) NOT NULL,
  `created_at` timestamp NULL DEFAULT NULL,
  `updated_at` timestamp NULL DEFAULT NULL
) ENGINE=InnoDB DEFAULT CHARSET=utf8mb4 COLLATE=utf8mb4_unicode_ci;

--
-- Dumping data for table `comments`
--

INSERT INTO `comments` (`id`, `order_id`, `comment`, `user_id`, `created_at`, `updated_at`) VALUES
(1, 14, 'السلام عليكم ورحمة الله وبركاته\r\nأهلا أخى الكريم', 1, '2018-04-15 11:05:54', '2018-04-15 11:05:54'),
(2, 14, 'أهلا أخى الكريم خالد', 1, '2018-04-15 11:20:55', '2018-04-15 11:20:55'),
(7, 14, 'أهلا أختى الكريمة راما', 1, '2018-04-15 11:57:13', '2018-04-15 11:57:13'),
(8, 14, 'أهلا أختى الكريمة ريم', 1, '2018-04-15 13:30:03', '2018-04-15 13:30:03'),
(9, 14, 'أهلا أخى الكريم أحمد أخبارك أخى كيف أحوالك هل عجبتك الخدمة', 2, '2018-04-15 17:13:03', '2018-04-15 17:13:03'),
(10, 15, 'أهلا أخى الكريم ميدو كيف أخبارك لماذا الخدمة لم تنفذ حتى الان ارجو الرد سريعا لاحتياجى اليها ولكم جزيل الشكر', 2, '2018-04-15 17:35:24', '2018-04-15 17:35:24'),
(11, 15, 'أهلا أخى الكريم خالد أخبارك اناشاء الله الخدمة قيد التنفيذ لا تقلق', 1, '2018-04-15 18:21:48', '2018-04-15 18:21:48'),
(21, 15, 'الحمد لله رب العالمين', 1, '2018-04-15 19:23:03', '2018-04-15 19:23:03'),
(22, 15, 'الحمد لله رب العالمين الحمد لله رب العالمين', 1, '2018-04-15 19:37:34', '2018-04-15 19:37:34'),
(23, 15, 'شكرا أخى أحمد جزاك الله خيرا', 2, '2018-04-15 19:39:42', '2018-04-15 19:39:42'),
(24, 15, 'شكرا شكرا شكرا شكررا', 1, '2018-04-15 19:03:40', '2018-04-15 20:03:40'),
(25, 15, 'شكرا أخى الكريم خالد', 1, '2018-04-16 11:17:18', '2018-04-16 11:17:18'),
(26, 14, 'أجمل زهور رايتها بحياتى', 1, '2018-04-16 18:50:42', '2018-04-16 18:50:42'),
(27, 14, 'شكرا على الخدمة الجميلة', 1, '2018-04-16 18:51:46', '2018-04-16 18:51:46'),
(28, 14, 'شكرا شكرا خالد محمود', 1, '2018-04-16 18:52:24', '2018-04-16 18:52:24'),
(30, 34, 'هلا أخى الكريم خالد كيف حالك', 1, '2018-04-28 19:25:17', '2018-04-28 19:25:17'),
(31, 34, 'هلا أخى الكريم خال الحمد لله بخير ونعمة', 2, '2018-04-28 19:25:54', '2018-04-28 19:25:54'),
(51, 36, 'هلا أخى أحمد هل تمت الخدمة', 2, '2018-04-29 19:05:04', '2018-04-29 19:05:04'),
(52, 36, 'برجاء السرعة في تنفيذ الخدمة', 2, '2018-04-29 19:06:00', '2018-04-29 19:06:00'),
(53, 36, 'اناشاء الله هيتم الموافقة عليه قريبا', 1, '2018-04-29 19:08:01', '2018-04-29 19:08:01'),
(54, 36, 'لا تقلق أخى خالد برعاية الله', 1, '2018-04-29 19:17:10', '2018-04-29 19:17:10'),
(55, 36, 'حتى الان لم يتم تنفيذ الطلب', 2, '2018-04-29 20:28:35', '2018-04-29 20:28:35'),
(56, 36, 'لو سمحت  اسرع بتنفيذ الخدمة', 2, '2018-04-29 21:24:00', '2018-04-29 21:24:00');

-- --------------------------------------------------------

--
-- Table structure for table `favs`
--

CREATE TABLE `favs` (
  `id` int(11) NOT NULL,
  `user_id` int(11) NOT NULL,
  `own_user` int(11) NOT NULL,
  `service_id` int(11) NOT NULL,
  `created_at` timestamp NOT NULL DEFAULT CURRENT_TIMESTAMP ON UPDATE CURRENT_TIMESTAMP,
  `updated_at` timestamp NOT NULL DEFAULT '0000-00-00 00:00:00'
) ENGINE=InnoDB DEFAULT CHARSET=utf8;

--
-- Dumping data for table `favs`
--

INSERT INTO `favs` (`id`, `user_id`, `own_user`, `service_id`, `created_at`, `updated_at`) VALUES
(4, 3, 1, 13, '2018-04-24 13:39:22', '2018-04-24 13:39:22'),
(5, 3, 1, 12, '2018-04-24 13:40:29', '2018-04-24 13:40:29'),
(14, 1, 2, 11, '2018-04-30 16:31:17', '2018-04-30 16:31:17');

-- --------------------------------------------------------

--
-- Table structure for table `messages`
--

CREATE TABLE `messages` (
  `id` int(10) UNSIGNED NOT NULL,
  `title` varchar(50) COLLATE utf8mb4_unicode_ci NOT NULL,
  `message` varchar(500) COLLATE utf8mb4_unicode_ci NOT NULL,
  `user_message_you` int(11) NOT NULL,
  `user_id` int(11) NOT NULL,
  `seen` tinyint(4) NOT NULL,
  `created_at` timestamp NULL DEFAULT NULL,
  `updated_at` timestamp NULL DEFAULT NULL
) ENGINE=InnoDB DEFAULT CHARSET=utf8mb4 COLLATE=utf8mb4_unicode_ci;

--
-- Dumping data for table `messages`
--

INSERT INTO `messages` (`id`, `title`, `message`, `user_message_you`, `user_id`, `seen`, `created_at`, `updated_at`) VALUES
(1, 'هلا أخى الكريم خالد', 'هلا أخى الكريم خالد هلا أخى الكريم خالد', 1, 2, 1, '2018-04-17 17:02:58', '2018-04-19 14:07:42'),
(2, 'هلا خالد أخبارك', 'لماذا الخدمة لم تصل حتى الان', 1, 2, 1, '2018-04-17 17:47:45', '2018-04-19 09:23:13'),
(3, 'هلا أختى الكريمة راما', 'هلا أختى الكريمة راماهلا أختى الكريمة راماهلا أختى الكريمة راماهلا أختى الكريمة راما', 1, 2, 1, '2018-04-17 18:00:59', '2018-04-18 20:27:14'),
(4, 'هلا أخى الكريم ميدو', 'هلا أخى الكريم ميدو هلا أخى الكريم ميدو', 2, 1, 1, '2018-04-17 21:29:27', '2018-04-19 09:46:28'),
(5, 'هلا أحمد محمود', 'هلا أحمد محمود هلا أحمد محمود متولى', 2, 1, 1, '2018-04-19 14:07:10', '2018-04-19 14:08:15'),
(6, 'هلا أختى الكريمة لينا', 'هلا أختى الكريمة لينا هلا أختى الكريمة لينا هلا أختى الكريمة لينا', 2, 1, 1, '2018-04-19 15:31:28', '2018-04-19 15:34:20'),
(7, 'رسالة الى أحمد', 'رسالة الى أخى الكريم أحمد', 2, 1, 1, '2018-04-28 14:29:23', '2018-04-28 14:36:27'),
(8, 'رسالة الى خالد', 'هلا اخى الكرينم خالد', 1, 2, 1, '2018-04-28 14:33:00', '2018-04-28 14:35:57'),
(9, 'هلا أخى الكريم خالد', 'هلا أخى الكريم خالد  هلا أخى الكريم خالد  هلا أخى الكريم خالد', 1, 2, 1, '2018-04-28 20:55:18', '2018-04-28 20:55:37'),
(10, 'هلا هلا خالد خالد', 'هلا هلا خالد خالدهلا هلا خالد خالدهلا هلا خالد خالد', 1, 2, 1, '2018-04-29 10:02:41', '2018-04-29 10:02:53'),
(11, 'كيفك بشمحاسب خالد', 'كيفك بشمحاسب خالد كيفك بشمحاسب خالد', 1, 2, 1, '2018-04-29 14:02:46', '2018-04-29 15:48:08'),
(12, 'هلا أحمد بك', 'هلا أحمد بك  هلا أحمد بك  هلا أحمد بك', 2, 1, 1, '2018-04-29 17:43:52', '2018-04-29 18:44:58'),
(13, 'Hi Ahmed Mahmoud', 'Hi Ahmed Mahmoud Hi Ahmed Mahmoud', 2, 1, 1, '2018-04-29 18:07:35', '2018-04-29 18:43:17'),
(14, 'هلا بشمهندس احمد', 'هلا بشمهندس احمد هلا بشمهندس احمد', 2, 1, 0, '2018-04-29 18:58:57', '2018-04-29 18:58:57');

-- --------------------------------------------------------

--
-- Table structure for table `migrations`
--

CREATE TABLE `migrations` (
  `id` int(10) UNSIGNED NOT NULL,
  `migration` varchar(255) COLLATE utf8mb4_unicode_ci NOT NULL,
  `batch` int(11) NOT NULL
) ENGINE=InnoDB DEFAULT CHARSET=utf8mb4 COLLATE=utf8mb4_unicode_ci;

--
-- Dumping data for table `migrations`
--

INSERT INTO `migrations` (`id`, `migration`, `batch`) VALUES
(1, '2014_10_12_000000_create_users_table', 1),
(2, '2014_10_12_100000_create_password_resets_table', 1),
(3, '2018_04_05_124151_create_cat_table', 1),
(4, '2018_04_05_124326_create_orders_table', 1),
(5, '2018_04_05_124516_create_notification_table', 1),
(6, '2018_04_05_124551_create_messages_table', 1),
(7, '2018_04_05_124629_create_services_table', 1),
(8, '2018_04_05_124758_create_comments_table', 1),
(9, '2018_04_05_124825_create_votes_table', 1);

-- --------------------------------------------------------

--
-- Table structure for table `notifications`
--

CREATE TABLE `notifications` (
  `id` int(10) UNSIGNED NOT NULL,
  `notify_id` int(11) NOT NULL,
  `type` varchar(30) COLLATE utf8mb4_unicode_ci NOT NULL,
  `user_notify_you` int(11) NOT NULL,
  `user_id` int(11) NOT NULL,
  `seen` tinyint(4) NOT NULL,
  `url` varchar(191) COLLATE utf8mb4_unicode_ci NOT NULL,
  `created_at` timestamp NULL DEFAULT NULL,
  `updated_at` timestamp NULL DEFAULT NULL
) ENGINE=InnoDB DEFAULT CHARSET=utf8mb4 COLLATE=utf8mb4_unicode_ci;

--
-- Dumping data for table `notifications`
--

INSERT INTO `notifications` (`id`, `notify_id`, `type`, `user_notify_you`, `user_id`, `seen`, `url`, `created_at`, `updated_at`) VALUES
(1, 32, 'ReciveOrder', 1, 2, 1, '', '2018-04-28 11:07:48', '2018-04-28 11:32:58'),
(2, 33, 'ReciveOrder', 2, 1, 1, '', '2018-04-28 13:11:06', '2018-04-28 15:07:45'),
(3, 7, 'ReciveMessage', 2, 1, 1, '', '2018-04-28 14:29:23', '2018-04-28 14:36:27'),
(4, 8, 'ReciveMessage', 1, 2, 1, '', '2018-04-28 14:33:00', '2018-04-28 14:35:57'),
(5, 33, 'CompleteOrder', 2, 1, 1, '', '2018-04-28 16:32:48', '2018-04-28 16:44:54'),
(6, 32, 'DoneOrder', 2, 1, 1, '', '2018-04-28 17:00:24', '2018-04-28 17:11:59'),
(7, 30, 'RejectOrder', 2, 1, 1, '', '2018-04-28 17:12:36', '2018-04-28 17:13:34'),
(8, 32, 'CompleteOrder', 1, 2, 1, '', '2018-04-28 17:14:38', '2018-04-28 17:14:55'),
(9, 34, 'ReciveOrder', 1, 2, 1, '', '2018-04-28 18:27:38', '2018-04-28 18:28:14'),
(10, 34, 'DoneOrder', 2, 1, 1, '', '2018-04-28 18:43:52', '2018-04-28 18:43:57'),
(11, 34, 'CompleteOrder', 1, 2, 1, '', '2018-04-28 18:44:13', '2018-04-28 18:44:22'),
(13, 34, 'AddNewComment', 1, 2, 1, '', '2018-04-28 19:25:17', '2018-04-28 19:38:57'),
(14, 34, 'AddNewComment', 2, 1, 1, '', '2018-04-28 19:25:54', '2018-04-28 19:37:32'),
(15, 34, 'AddNewComment', 1, 2, 1, '', '2018-04-28 20:37:39', '2018-04-28 20:40:24'),
(16, 34, 'AddNewComment', 1, 2, 1, '', '2018-04-28 20:37:44', '2018-04-28 20:40:24'),
(17, 34, 'AddNewComment', 1, 2, 1, '', '2018-04-28 20:37:50', '2018-04-28 20:40:24'),
(18, 34, 'AddNewComment', 2, 1, 1, '', '2018-04-28 20:41:09', '2018-04-28 20:42:10'),
(19, 34, 'AddNewComment', 2, 1, 1, '', '2018-04-28 20:41:32', '2018-04-28 20:42:10'),
(20, 34, 'AddNewComment', 1, 2, 1, '', '2018-04-28 20:45:01', '2018-04-28 20:47:37'),
(21, 34, 'AddNewComment', 1, 2, 1, '', '2018-04-28 20:45:23', '2018-04-28 20:47:37'),
(22, 34, 'AddNewComment', 1, 2, 1, '', '2018-04-28 20:46:05', '2018-04-28 20:47:37'),
(23, 34, 'AddNewComment', 1, 2, 1, '', '2018-04-28 20:50:07', '2018-04-28 20:52:56'),
(24, 9, 'ReciveMessage', 1, 2, 1, '', '2018-04-28 20:55:18', '2018-04-28 20:55:37'),
(25, 34, 'AddNewComment', 1, 2, 1, '', '2018-04-28 21:00:09', '2018-04-28 21:09:26'),
(26, 34, 'AddNewComment', 1, 2, 1, '', '2018-04-28 21:02:25', '2018-04-28 21:09:26'),
(27, 34, 'AddNewComment', 1, 2, 1, '', '2018-04-28 21:06:57', '2018-04-28 21:09:26'),
(28, 34, 'AddNewComment', 1, 2, 1, '', '2018-04-28 21:07:37', '2018-04-28 21:09:26'),
(29, 34, 'AddNewComment', 1, 2, 1, '', '2018-04-28 21:14:27', '2018-04-28 21:17:37'),
(30, 34, 'AddNewComment', 1, 2, 1, '', '2018-04-28 21:16:08', '2018-04-28 21:17:37'),
(31, 34, 'AddNewComment', 1, 2, 1, '', '2018-04-28 21:16:24', '2018-04-28 21:17:37'),
(32, 34, 'AddNewComment', 1, 2, 1, '', '2018-04-28 21:16:41', '2018-04-28 21:17:37'),
(33, 34, 'AddNewComment', 1, 2, 1, '', '2018-04-28 21:17:06', '2018-04-28 21:17:37'),
(34, 34, 'AddNewComment', 1, 2, 1, '', '2018-04-28 21:17:12', '2018-04-28 21:17:37'),
(35, 10, 'ReciveMessage', 1, 2, 1, '', '2018-04-29 10:02:41', '2018-04-29 10:02:53'),
(36, 11, 'ReciveMessage', 1, 2, 1, '', '2018-04-29 14:02:46', '2018-04-29 15:48:08'),
(37, 12, 'ReciveMessage', 2, 1, 1, '', '2018-04-29 17:43:52', '2018-04-29 18:44:58'),
(38, 13, 'ReciveMessage', 2, 1, 1, '', '2018-04-29 18:07:36', '2018-04-29 18:43:17'),
(39, 35, 'ReciveOrder', 2, 1, 1, '', '2018-04-29 18:41:07', '2018-04-29 18:42:50'),
(40, 36, 'ReciveOrder', 2, 1, 1, '', '2018-04-29 18:45:47', '2018-04-29 18:54:37'),
(41, 14, 'ReciveMessage', 2, 1, 1, '', '2018-04-29 18:58:57', '2018-04-29 18:59:11'),
(42, 36, 'AddNewComment', 2, 1, 1, '', '2018-04-29 19:05:04', '2018-04-29 19:06:11'),
(43, 36, 'AddNewComment', 2, 1, 1, '', '2018-04-29 19:06:00', '2018-04-29 19:06:12'),
(44, 36, 'AddNewComment', 1, 2, 1, '', '2018-04-29 19:08:01', '2018-04-29 19:08:11'),
(45, 36, 'AddNewComment', 1, 2, 1, '', '2018-04-29 19:17:10', '2018-04-29 19:17:20'),
(46, 36, 'AddNewComment', 2, 1, 1, '', '2018-04-29 20:28:35', '2018-04-29 20:28:44'),
(47, 36, 'AddNewComment', 2, 1, 1, '', '2018-04-29 21:24:00', '2018-04-29 21:46:10'),
(48, 36, 'DoneOrder', 1, 2, 1, '', '2018-04-29 21:46:12', '2018-04-29 21:54:44'),
(49, 37, 'ReciveOrder', 1, 2, 1, '', '2018-04-30 14:30:06', '2018-04-30 14:31:47'),
(50, 38, 'ReciveOrder', 1, 2, 1, '', '2018-04-30 17:19:06', '2018-04-30 17:19:28'),
(51, 10, 'AdminRejectServices', 1, 2, 1, '', '2018-05-04 13:15:19', '2018-05-04 13:15:28'),
(52, 10, 'AdminAcceptServices', 1, 2, 1, '', '2018-05-04 13:15:44', '2018-05-04 13:15:51'),
(53, 10, 'AdminRejectServices', 1, 2, 1, '', '2018-05-04 13:20:19', '2018-05-04 13:20:27'),
(54, 10, 'AdminAcceptServices', 1, 2, 1, '', '2018-05-04 13:20:44', '2018-05-04 13:20:51'),
(55, 9, 'AdminRejectServices', 1, 1, 1, '', '2018-05-04 14:04:01', '2018-05-04 14:17:43'),
(56, 9, 'AdminAcceptServices', 1, 1, 1, '', '2018-05-04 14:18:11', '2018-05-04 14:31:05'),
(57, 29, 'AdminCloseOrder', 1, 1, 1, '', '2018-05-04 15:26:02', '2018-05-04 15:26:52'),
(58, 29, 'AdminCloseOrder', 1, 2, 1, '', '2018-05-04 15:26:02', '2018-05-04 15:27:02'),
(59, 29, 'AdminCloseOrder', 1, 1, 1, '', '2018-05-04 15:28:13', '2018-05-04 15:29:53'),
(60, 29, 'AdminCloseOrder', 1, 2, 1, '', '2018-05-04 15:28:13', '2018-05-04 15:30:03'),
(61, 29, 'AdminRejectOrder', 1, 1, 1, '', '2018-05-04 15:29:45', '2018-05-04 15:29:53'),
(62, 29, 'AdminRejectOrder', 1, 2, 1, '', '2018-05-04 15:29:45', '2018-05-04 15:30:03'),
(63, 38, 'AdminAcceptOrder', 1, 1, 1, '', '2018-05-04 19:15:27', '2018-05-04 19:18:22'),
(64, 38, 'AdminAcceptOrder', 1, 2, 1, '', '2018-05-04 19:15:27', '2018-05-07 11:02:26'),
(65, 38, 'AdminCloseOrder', 1, 1, 1, '', '2018-05-04 19:16:10', '2018-05-04 19:18:22'),
(66, 38, 'AdminCloseOrder', 1, 2, 1, '', '2018-05-04 19:16:10', '2018-05-07 11:02:26'),
(67, 38, 'AdminCloseOrder', 1, 1, 1, '', '2018-05-04 19:22:59', '2018-05-06 11:02:03'),
(68, 38, 'AdminCloseOrder', 1, 2, 1, '', '2018-05-04 19:22:59', '2018-05-07 11:02:26'),
(69, 38, 'AdminMakeNew', 1, 1, 1, '', '2018-05-04 19:29:21', '2018-05-06 11:02:03'),
(70, 38, 'AdminMakeNew', 1, 2, 1, '', '2018-05-04 19:29:21', '2018-05-07 11:02:26'),
(71, 38, 'AdminCloseOrder', 1, 1, 1, '', '2018-05-04 19:29:26', '2018-05-06 11:02:03'),
(72, 38, 'AdminCloseOrder', 1, 2, 1, '', '2018-05-04 19:29:26', '2018-05-07 11:02:26'),
(73, 38, 'AdminCloseOrder', 1, 1, 1, '', '2018-05-04 19:30:03', '2018-05-06 11:02:03'),
(74, 38, 'AdminCloseOrder', 1, 2, 1, '', '2018-05-04 19:30:03', '2018-05-07 11:02:26'),
(75, 36, 'AdminCloseOrder', 1, 2, 1, '', '2018-05-05 14:05:36', '2018-05-07 11:02:26'),
(76, 36, 'AdminCloseOrder', 1, 1, 1, '', '2018-05-05 14:05:36', '2018-05-06 11:02:03'),
(77, 35, 'AdminCloseOrder', 1, 2, 1, '', '2018-05-05 14:08:30', '2018-05-07 11:02:26'),
(78, 35, 'AdminCloseOrder', 1, 1, 1, '', '2018-05-05 14:08:30', '2018-05-06 11:02:03'),
(79, 33, 'AdminCloseOrder', 1, 2, 1, '', '2018-05-05 14:12:02', '2018-05-07 11:02:26'),
(80, 33, 'AdminCloseOrder', 1, 1, 1, '', '2018-05-05 14:12:02', '2018-05-06 11:02:03'),
(81, 33, 'AdminMakeNew', 1, 2, 1, '', '2018-05-05 14:12:59', '2018-05-07 11:02:26'),
(82, 33, 'AdminMakeNew', 1, 1, 1, '', '2018-05-05 14:12:59', '2018-05-06 11:02:03'),
(83, 33, 'AdminCloseOrder', 1, 2, 1, '', '2018-05-05 14:13:56', '2018-05-07 11:02:26'),
(84, 33, 'AdminCloseOrder', 1, 1, 1, '', '2018-05-05 14:13:57', '2018-05-06 11:02:03'),
(85, 33, 'AdminMakeNew', 1, 2, 1, '', '2018-05-05 14:19:32', '2018-05-07 11:02:26'),
(86, 33, 'AdminMakeNew', 1, 1, 1, '', '2018-05-05 14:19:32', '2018-05-06 11:02:03'),
(87, 35, 'AdminMakeNew', 1, 2, 1, '', '2018-05-05 14:19:41', '2018-05-07 11:02:26'),
(88, 35, 'AdminMakeNew', 1, 1, 1, '', '2018-05-05 14:19:41', '2018-05-06 11:02:03'),
(89, 36, 'AdminMakeNew', 1, 2, 1, '', '2018-05-05 14:19:51', '2018-05-07 11:02:26'),
(90, 36, 'AdminMakeNew', 1, 1, 1, '', '2018-05-05 14:19:51', '2018-05-06 11:02:03'),
(91, 33, 'AdminCloseOrder', 1, 2, 1, '', '2018-05-05 14:20:08', '2018-05-07 11:02:26'),
(92, 33, 'AdminCloseOrder', 1, 1, 1, '', '2018-05-05 14:20:08', '2018-05-06 11:02:03'),
(93, 35, 'AdminCloseOrder', 1, 2, 1, '', '2018-05-05 14:20:21', '2018-05-07 11:02:26'),
(94, 35, 'AdminCloseOrder', 1, 1, 1, '', '2018-05-05 14:20:21', '2018-05-06 11:02:03'),
(95, 35, 'AdminCloseOrder', 1, 2, 1, '', '2018-05-05 14:20:35', '2018-05-07 11:02:26'),
(96, 35, 'AdminCloseOrder', 1, 1, 1, '', '2018-05-05 14:20:35', '2018-05-06 11:02:03'),
(97, 36, 'AdminCloseOrder', 1, 2, 1, '', '2018-05-05 14:20:48', '2018-05-07 11:02:26'),
(98, 36, 'AdminCloseOrder', 1, 1, 1, '', '2018-05-05 14:20:48', '2018-05-06 11:02:03'),
(99, 9, 'AdminRejectServices', 1, 1, 1, '', '2018-05-05 18:38:27', '2018-05-06 11:02:03'),
(100, 9, 'AdminAcceptServices', 1, 1, 1, '', '2018-05-05 18:38:53', '2018-05-06 11:02:03');

-- --------------------------------------------------------

--
-- Table structure for table `orders`
--

CREATE TABLE `orders` (
  `id` int(10) UNSIGNED NOT NULL,
  `services_id` int(11) NOT NULL,
  `user_order` int(11) NOT NULL,
  `user_id` int(11) NOT NULL,
  `type` tinyint(4) NOT NULL,
  `status` tinyint(4) NOT NULL,
  `created_at` timestamp NULL DEFAULT NULL,
  `updated_at` timestamp NULL DEFAULT NULL
) ENGINE=InnoDB DEFAULT CHARSET=utf8mb4 COLLATE=utf8mb4_unicode_ci;

--
-- Dumping data for table `orders`
--

INSERT INTO `orders` (`id`, `services_id`, `user_order`, `user_id`, `type`, `status`, `created_at`, `updated_at`) VALUES
(29, 16, 1, 2, 0, 3, '2018-04-27 15:17:43', '2018-05-04 15:29:45'),
(30, 15, 1, 2, 0, 3, '2018-04-27 15:17:46', '2018-04-28 17:12:36'),
(31, 14, 1, 2, 0, 4, '2018-04-27 15:17:51', '2018-04-27 15:40:55'),
(32, 10, 1, 2, 0, 4, '2018-04-28 11:07:48', '2018-04-28 17:14:38'),
(33, 9, 2, 1, 0, 4, '2018-04-28 13:11:06', '2018-05-05 14:20:08'),
(34, 16, 1, 2, 0, 4, '2018-04-28 18:27:38', '2018-04-28 18:44:13'),
(35, 9, 2, 1, 0, 4, '2018-04-29 18:41:07', '2018-05-05 14:20:21'),
(36, 12, 2, 1, 0, 4, '2018-04-29 18:45:47', '2018-05-05 14:20:48'),
(37, 16, 1, 2, 0, 1, '2018-04-30 14:30:06', '2018-04-30 14:31:52'),
(38, 15, 1, 2, 0, 4, '2018-04-30 17:19:06', '2018-05-04 19:29:26');

-- --------------------------------------------------------

--
-- Table structure for table `password_resets`
--

CREATE TABLE `password_resets` (
  `email` varchar(191) COLLATE utf8mb4_unicode_ci NOT NULL,
  `token` varchar(191) COLLATE utf8mb4_unicode_ci NOT NULL,
  `created_at` timestamp NULL DEFAULT NULL
) ENGINE=InnoDB DEFAULT CHARSET=utf8mb4 COLLATE=utf8mb4_unicode_ci;

-- --------------------------------------------------------

--
-- Table structure for table `pays`
--

CREATE TABLE `pays` (
  `id` int(11) NOT NULL,
  `user_id` int(11) NOT NULL,
  `id_pay` varchar(100) NOT NULL,
  `payment_method` varchar(20) NOT NULL,
  `state` varchar(20) NOT NULL,
  `price` int(11) NOT NULL,
  `PayerID` varchar(100) NOT NULL,
  `created_at` timestamp NOT NULL DEFAULT CURRENT_TIMESTAMP ON UPDATE CURRENT_TIMESTAMP,
  `updated_at` timestamp NOT NULL DEFAULT '0000-00-00 00:00:00'
) ENGINE=InnoDB DEFAULT CHARSET=utf8;

--
-- Dumping data for table `pays`
--

INSERT INTO `pays` (`id`, `user_id`, `id_pay`, `payment_method`, `state`, `price`, `PayerID`, `created_at`, `updated_at`) VALUES
(4, 1, 'PAY-5NP30705VM729813TLLQNZOI', 'paypal', 'created', 10, '', '2018-04-25 17:53:07', '2018-04-25 17:53:07'),
(5, 1, 'PAY-5DS376662R3765915LLQOECA', 'paypal', 'created', 10, '', '2018-04-25 18:15:47', '2018-04-25 18:15:47'),
(6, 1, 'PAY-7H234814VG991821NLLQPM6I', 'paypal', 'created', 100, '', '2018-04-25 19:43:00', '2018-04-25 19:43:00'),
(7, 2, 'PAY-9D685748VE537560HLLSI6FY', 'paypal', 'created', 100, '', '2018-04-28 13:10:56', '2018-04-28 13:10:56'),
(8, 1, 'PAY-30L82765R3023380KLLS6XQY', 'paypal', 'created', 100, '', '2018-04-29 13:58:36', '2018-04-29 13:58:36'),
(9, 1, 'PAY-8GU28073WJ6907839LLXWYUI', 'paypal', 'created', 80, '', '2018-05-06 18:57:20', '2018-05-06 18:57:20'),
(10, 1, 'PAY-5SK4297405418631ELLYOQ2Y', 'paypal', 'created', 40, 'NE93HNLKEPDWS', '2018-05-07 22:00:28', '2018-05-07 22:00:28'),
(11, 1, 'PAY-63T335384U725884LLLY2XDY', 'paypal', 'created', 100, 'NE93HNLKEPDWS', '2018-05-08 11:52:33', '2018-05-08 11:52:33'),
(12, 1, 'PAY-4UE96854MC094751CLLY5RQA', 'paypal', 'created', 50, 'GJKXSTQCLV5YL', '2018-05-08 15:05:26', '2018-05-08 15:05:26'),
(13, 1, 'PAY-04L23824AG5786506LLY55MQ', 'paypal', 'created', 10, 'GJKXSTQCLV5YL', '2018-05-08 15:30:52', '2018-05-08 15:30:52'),
(14, 1, 'PAY-3M1447339N0985249LLY6QOI', 'paypal', 'created', 100, 'GJKXSTQCLV5YL', '2018-05-08 16:11:27', '2018-05-08 16:11:27'),
(15, 1, 'PAY-3AV73830DH696814ELLZEYUQ', 'paypal', 'created', 40, '5CYETADN4D25Y', '2018-05-08 23:18:18', '2018-05-08 23:18:18'),
(16, 1, 'PAY-3DV55550AH457523ULLZE5LI', 'paypal', 'created', 50, 'D9MXVLXNKRKBC', '2018-05-08 23:28:19', '2018-05-08 23:28:19');

-- --------------------------------------------------------

--
-- Table structure for table `profit`
--

CREATE TABLE `profit` (
  `id` int(11) NOT NULL,
  `user_id` int(11) NOT NULL,
  `profit_price` int(11) NOT NULL,
  `created_at` timestamp NOT NULL DEFAULT CURRENT_TIMESTAMP ON UPDATE CURRENT_TIMESTAMP,
  `updated_at` timestamp NOT NULL DEFAULT '0000-00-00 00:00:00',
  `status` tinyint(1) NOT NULL,
  `time` int(11) NOT NULL
) ENGINE=InnoDB DEFAULT CHARSET=utf8;

--
-- Dumping data for table `profit`
--

INSERT INTO `profit` (`id`, `user_id`, `profit_price`, `created_at`, `updated_at`, `status`, `time`) VALUES
(21, 1, 20, '2018-04-30 18:54:12', '2018-05-07 16:09:01', 0, 1525716541),
(22, 1, 15, '2018-04-30 16:09:05', '2018-05-07 16:09:05', 0, 1525716545),
(23, 2, 40, '2018-05-07 17:14:14', '2018-05-07 17:14:14', 0, 1525720454),
(24, 2, 20, '2018-05-07 17:14:19', '2018-05-07 17:14:19', 0, 1525720459);

-- --------------------------------------------------------

--
-- Table structure for table `services`
--

CREATE TABLE `services` (
  `id` int(10) UNSIGNED NOT NULL,
  `name` varchar(191) COLLATE utf8mb4_unicode_ci NOT NULL,
  `des` text COLLATE utf8mb4_unicode_ci NOT NULL,
  `cat_id` int(11) NOT NULL,
  `image` varchar(191) COLLATE utf8mb4_unicode_ci NOT NULL,
  `price` int(11) NOT NULL,
  `views` int(11) NOT NULL DEFAULT '0',
  `user_id` int(11) NOT NULL,
  `status` tinyint(4) NOT NULL,
  `created_at` timestamp NULL DEFAULT NULL,
  `updated_at` timestamp NULL DEFAULT NULL
) ENGINE=InnoDB DEFAULT CHARSET=utf8mb4 COLLATE=utf8mb4_unicode_ci;

--
-- Dumping data for table `services`
--

INSERT INTO `services` (`id`, `name`, `des`, `cat_id`, `image`, `price`, `views`, `user_id`, `status`, `created_at`, `updated_at`) VALUES
(9, 'الخدمة الأولى بالموقع', 'الخدمة الأولى بالموقع  هذا النص هو مثال لنص يمكن أن يستبدل في نفس المساحة، لقد تم توليد هذا النص من مولد النص العربى، حيث يمكنك أن تولد مثل هذا النص أو العديد من النصوص الأخرى إضافة إلى زيادة عدد الحروف التى يولدها التطبيق.إذا كنت تحتاج إلى عدد أكبر من الفقرات يتيح لك مولد النص العربى زيادة عدد الفقرات كما تريد، النص لن يبدو مقسما ولا يحوي أخطاء لغوية، مولد النص العربى مفيد لمصممي المواقع على وجه الخصوص، حيث يحتاج العميل فى كثير من الأحيان أن يطلع على صورة حقيقية لتصميم الموقع.\r\nومن هنا وجب على المصمم أن يضع نصوصا مؤقتة على التصميم ليظهر للعميل الشكل كاملاً،دور مولد النص العربى أن يوفر على المصمم عناء البحث عن نص بديل لا علاقة له بالموضوع الذى يتحدث عنه التصميم فيظهر ب', 1, '1523223332_admin_2566216-870429979.jpg', 5, 0, 1, 1, '2018-04-08 19:35:32', '2018-05-05 18:38:53'),
(10, 'الخدمة الثانية بالموقع', 'هذا النص هو مثال لنص يمكن أن يستبدل في نفس المساحة، لقد تم توليد هذا النص من مولد النص العربى، حيث يمكنك أن تولد مثل هذا النص أو العديد من النصوص الأخرى إضافة إلى زيادة عدد الحروف التى يولدها التطبيق.\r\nإذا كنت تحتاج إلى عدد أكبر من الفقرات يتيح لك مولد النص العربى زيادة عدد الفقرات كما تريد، النص لن يبدو مقسما ولا يحوي أخطاء لغوية، مولد النص العربى مفيد لمصممي المواقع على وجه الخصوص، حيث يحتاج العميل فى كثير من الأحيان أن يطلع على صورة حقيقية لتصميم الموقع.\r\nومن هنا وجب على المصمم أن يضع نصوصا مؤقتة على التصميم ليظهر للعميل الشكل كاملاً،دور مولد النص العربى أن يوفر على المصمم عناء البحث عن نص بديل لا علاقة له بالموضوع الذى يتحدث عنه التصميم فيظهر ب', 2, '2.jpg', 25, 0, 2, 1, '2018-04-08 19:37:50', '2018-05-04 13:20:44'),
(11, 'الخدمة الثالثة بالموقع', 'هذا النص هو مثال لنص يمكن أن يستبدل في نفس المساحة، لقد تم توليد هذا النص من مولد النص العربى، حيث يمكنك أن تولد مثل هذا النص أو العديد من النصوص الأخرى إضافة إلى زيادة عدد الحروف التى يولدها التطبيق.\r\nإذا كنت تحتاج إلى عدد أكبر من الفقرات يتيح لك مولد النص العربى زيادة عدد الفقرات كما تريد، النص لن يبدو مقسما ولا يحوي أخطاء لغوية، مولد النص العربى مفيد لمصممي المواقع على وجه الخصوص، حيث يحتاج العميل فى كثير من الأحيان أن يطلع على صورة حقيقية لتصميم الموقع.\r\nومن هنا وجب على المصمم أن يضع نصوصا مؤقتة على التصميم ليظهر للعميل الشكل كاملاً،دور مولد النص العربى أن يوفر على المصمم عناء البحث عن نص بديل لا علاقة له بالموضوع الذى يتحدث عنه التصميم فيظهر ب', 2, '1.jpg', 20, 0, 2, 1, '2018-04-08 21:43:25', '2018-04-08 21:43:25'),
(12, 'الخدمة الرابعة بالموقع', 'هذا النص هو مثال لنص يمكن أن يستبدل في نفس المساحة، لقد تم توليد هذا النص من مولد النص العربى، حيث يمكنك أن تولد مثل هذا النص أو العديد من النصوص الأخرى إضافة إلى زيادة عدد الحروف التى يولدها التطبيق.\r\nإذا كنت تحتاج إلى عدد أكبر من الفقرات يتيح لك مولد النص العربى زيادة عدد الفقرات كما تريد، النص لن يبدو مقسما ولا يحوي أخطاء لغوية، مولد النص العربى مفيد لمصممي المواقع على وجه الخصوص، حيث يحتاج العميل فى كثير من الأحيان أن يطلع على صورة حقيقية لتصميم الموقع.\r\nومن هنا وجب على المصمم أن يضع نصوصا مؤقتة على التصميم ليظهر للعميل الشكل كاملاً،دور مولد النص العربى أن يوفر على المصمم عناء البحث عن نص بديل لا علاقة له بالموضوع الذى يتحدث عنه التصميم فيظهر بشكل لا يليق.\r\nهذا النص يمكن أن يتم تركيبه على أي تصميم دون مشكلة فلن يبدو وكأنه نص منسوخ، غير منظم، غير منسق، أو حتى غير مفهوم. لأنه مازال نصاً بديلاً ومؤقتاً.', 1, '1523361501_admin_30571776_1061494713989966_177429870706425856_n.jpg', 25, 0, 1, 1, '2018-04-10 09:58:22', '2018-05-02 21:34:05'),
(13, 'الخدمة الخامسة', 'هذا النص هو مثال لنص يمكن أن يستبدل في نفس المساحة، لقد تم توليد هذا النص من مولد النص العربى، حيث يمكنك أن تولد مثل هذا النص أو العديد من النصوص الأخرى إضافة إلى زيادة عدد الحروف التى يولدها التطبيق.\r\nإذا كنت تحتاج إلى عدد أكبر من الفقرات يتيح لك مولد النص العربى زيادة عدد الفقرات كما تريد، النص لن يبدو مقسما ولا يحوي أخطاء لغوية، مولد النص العربى مفيد لمصممي المواقع على وجه الخصوص، حيث يحتاج العميل فى كثير من الأحيان أن يطلع على صورة حقيقية لتصميم الموقع.\r\nومن هنا وجب على المصمم أن يضع نصوصا مؤقتة على التصميم ليظهر للعميل الشكل كاملاً،دور مولد النص العربى أن يوفر على المصمم عناء البحث عن نص بديل لا علاقة له بالموضوع الذى يتحدث عنه التصميم فيظهر بشكل لا يليق.\r\nهذا النص يمكن أن يتم تركيبه على أي تصميم دون مشكلة فلن يبدو وكأنه نص منسوخ، غير منظم، غير منسق، أو حتى غير مفهوم. لأنه مازال نصاً بديلاً ومؤقتاً.', 1, '1523389125_admin_d554caae60ea72e6c89786afb3634dbe.jpg', 10, 0, 1, 1, '2018-04-10 17:38:46', '2018-04-10 17:38:46'),
(14, 'خدمة بيع سيارات', 'هذا النص هو مثال لنص يمكن أن يستبدل في نفس المساحة، لقد تم توليد هذا النص من مولد النص العربى، حيث يمكنك أن تولد مثل هذا النص أو العديد من النصوص الأخرى إضافة إلى زيادة عدد الحروف التى يولدها التطبيق.\nإذا كنت تحتاج إلى عدد أكبر من الفقرات يتيح لك مولد النص العربى زيادة عدد الفقرات كما تريد، النص لن يبدو مقسما ولا يحوي أخطاء لغوية، مولد النص العربى مفيد لمصممي المواقع على وجه الخصوص، حيث يحتاج العميل فى كثير من الأحيان أن يطلع على صورة حقيقية لتصميم الموقع.\nومن هنا وجب على المصمم أن يضع نصوصا مؤقتة على التصميم ليظهر للعميل الشكل كاملاً،دور مولد النص العربى أن يوفر على المصمم عناء البحث عن نص بديل لا علاقة له بالموضوع الذى يتحدث عنه التصميم فيظهر بشكل لا يليق.\nهذا النص يمكن أن يتم تركيبه على أي تصميم دون مشكلة فلن يبدو وكأنه نص منسوخ، غير منظم، غير منسق، أو حتى غير مفهوم. لأنه مازال نصاً بديلاً ومؤقتاً.', 2, '1523651424_khaleed_BMW_Abudhab_4.jpg', 20, 0, 2, 1, '2018-04-13 18:30:25', '2018-04-13 18:30:25'),
(15, 'خدمة بيع زهور', 'هذا النص هو مثال لنص يمكن أن يستبدل في نفس المساحة، لقد تم توليد هذا النص من مولد النص العربى، حيث يمكنك أن تولد مثل هذا النص أو العديد من النصوص الأخرى إضافة إلى زيادة عدد الحروف التى يولدها التطبيق.\r\nإذا كنت تحتاج إلى عدد أكبر من الفقرات يتيح لك مولد النص العربى زيادة عدد الفقرات كما تريد، النص لن يبدو مقسما ولا يحوي أخطاء لغوية، مولد النص العربى مفيد لمصممي المواقع على وجه الخصوص، حيث يحتاج العميل فى كثير من الأحيان أن يطلع على صورة حقيقية لتصميم الموقع.\r\nومن هنا وجب على المصمم أن يضع نصوصا مؤقتة على التصميم ليظهر للعميل الشكل كاملاً،دور مولد النص العربى أن يوفر على المصمم عناء البحث عن نص بديل لا علاقة له بالموضوع الذى يتحدث عنه التصميم فيظهر بشكل لا يليق.\r\nهذا النص يمكن أن يتم تركيبه على أي تصميم دون مشكلة فلن يبدو وكأنه نص منسوخ، غير منظم، غير منسق، أو حتى غير مفهوم. لأنه مازال نصاً بديلاً ومؤقتاً.', 2, '1525305597_khaleed_5045018916_994f3236e9_b.jpg', 5, 0, 2, 1, '2018-04-13 18:37:28', '2018-05-02 21:59:57'),
(16, 'خدمة بيع العقارات', '881\n\n1\n\nهذا النص هو مثال لنص يمكن أن يستبدل في نفس المساحة، لقد تم توليد هذا النص من مولد النص العربى، حيث يمكنك أن تولد مثل هذا النص أو العديد من النصوص الأخرى إضافة إلى زيادة عدد الحروف التى يولدها التطبيق.\nإذا كنت تحتاج إلى عدد أكبر من الفقرات يتيح لك مولد النص العربى زيادة عدد الفقرات كما تريد، النص لن يبدو مقسما ولا يحوي أخطاء لغوية، مولد النص العربى مفيد لمصممي المواقع على وجه الخصوص، حيث يحتاج العميل فى كثير من الأحيان أن يطلع على صورة حقيقية لتصميم الموقع.\nومن هنا وجب على المصمم أن يضع نصوصا مؤقتة على التصميم ليظهر للعميل الشكل كاملاً،دور مولد النص العربى أن يوفر على المصمم عناء البحث عن نص بديل لا علاقة له بالموضوع الذى يتحدث عنه التصميم فيظهر بشكل لا يليق.\nهذا النص يمكن أن يتم تركيبه على أي تصميم دون مشكلة فلن يبدو وكأنه نص منسوخ، غير منظم، غير منسق، أو حتى غير مفهوم. لأنه مازال نصاً بديلاً ومؤقتاً.', 1, '1524260615_ahmed_5a89821c313f1.jpg', 20, 0, 2, 1, '2018-04-20 19:43:36', '2018-04-20 19:43:36');

-- --------------------------------------------------------

--
-- Table structure for table `users`
--

CREATE TABLE `users` (
  `id` int(10) UNSIGNED NOT NULL,
  `name` varchar(191) COLLATE utf8mb4_unicode_ci NOT NULL,
  `email` varchar(191) COLLATE utf8mb4_unicode_ci NOT NULL,
  `password` varchar(191) COLLATE utf8mb4_unicode_ci NOT NULL,
  `admin` tinyint(1) NOT NULL,
  `image` varchar(100) COLLATE utf8mb4_unicode_ci NOT NULL,
  `remember_token` varchar(100) COLLATE utf8mb4_unicode_ci DEFAULT NULL,
  `created_at` timestamp NULL DEFAULT NULL,
  `updated_at` timestamp NULL DEFAULT NULL
) ENGINE=InnoDB DEFAULT CHARSET=utf8mb4 COLLATE=utf8mb4_unicode_ci;

--
-- Dumping data for table `users`
--

INSERT INTO `users` (`id`, `name`, `email`, `password`, `admin`, `image`, `remember_token`, `created_at`, `updated_at`) VALUES
(1, 'admin', 'admin2020@yahoo.com', '$2y$10$YfFGju.aINQ00Mgi5IE09O8npgFJGEMXpked2HVygSWOMNXhI5Vyi', 1, '', 'gql9i07IhBaDoFqj4xtaaF1If4dHltmCsZUx2ktWSsuGl3AiHXRldXlBI6as', '2018-04-05 15:19:04', '2018-05-05 19:17:01'),
(2, 'khaleed', 'khaleed2020@yahoo.com', '$2y$10$YfFGju.aINQ00Mgi5IE09O8npgFJGEMXpked2HVygSWOMNXhI5Vyi', 0, '1525554846_khaleed_hi-res-253f220fd260b791a076725350fa5279_crop_north.jpg', 'sQ8jdfSXM074VsvWAIRSNdBb0rctFKKv4SnJVDF2iJqTuv6zcG3n5IZgpH5V', '2018-04-10 14:24:53', '2018-05-05 19:15:52'),
(3, 'ahmed', 'ahmed@gamil.com', '$2y$10$YfFGju.aINQ00Mgi5IE09O8npgFJGEMXpked2HVygSWOMNXhI5Vyi', 0, '', 'Ku9Mpq7YcTh1tD0rU0s3xWq1DpvbPOEuMliKS8albn0tKTdqvESSNhB7Lee8', '2018-04-11 12:00:15', '2018-04-11 12:00:15');

-- --------------------------------------------------------

--
-- Table structure for table `views`
--

CREATE TABLE `views` (
  `id` int(11) NOT NULL,
  `user_id` int(11) NOT NULL,
  `service_id` int(11) NOT NULL,
  `ip` varchar(50) NOT NULL,
  `created_at` timestamp NOT NULL DEFAULT CURRENT_TIMESTAMP ON UPDATE CURRENT_TIMESTAMP,
  `updated_at` timestamp NOT NULL DEFAULT '0000-00-00 00:00:00'
) ENGINE=InnoDB DEFAULT CHARSET=utf8;

--
-- Dumping data for table `views`
--

INSERT INTO `views` (`id`, `user_id`, `service_id`, `ip`, `created_at`, `updated_at`) VALUES
(22, 1, 9, '127.0.0.1', '2018-04-22 23:38:18', '2018-04-22 19:37:27'),
(23, 1, 11, '127.0.0.1', '2018-04-22 23:38:24', '2018-04-22 19:38:13'),
(24, 1, 16, '127.0.0.1', '2018-04-22 23:38:28', '2018-04-22 19:39:24'),
(25, 1, 15, '127.0.0.1', '2018-04-22 23:38:31', '2018-04-22 19:40:07'),
(26, 1, 14, '127.0.0.1', '2018-04-22 23:38:34', '2018-04-22 19:40:15'),
(27, 1, 10, '127.0.0.1', '2018-04-22 23:38:37', '2018-04-22 19:40:24'),
(28, 1, 13, '127.0.0.1', '2018-04-22 23:38:40', '2018-04-22 19:40:33'),
(29, 3, 9, '128.0.0.1', '2018-04-22 23:38:49', '2018-04-22 19:46:09'),
(30, 3, 16, '128.0.0.1', '2018-04-22 23:38:57', '2018-04-22 19:46:25'),
(31, 3, 15, '128.0.0.1', '2018-04-22 23:39:01', '2018-04-22 19:46:38'),
(32, 3, 14, '128.0.0.1', '2018-04-22 23:39:04', '2018-04-22 19:46:49'),
(33, 3, 12, '127.0.0.1', '2018-04-24 13:40:20', '2018-04-24 13:40:20');

-- --------------------------------------------------------

--
-- Table structure for table `votes`
--

CREATE TABLE `votes` (
  `id` int(10) UNSIGNED NOT NULL,
  `services_id` int(11) NOT NULL,
  `user_id` int(11) NOT NULL,
  `vote` int(11) NOT NULL,
  `created_at` timestamp NULL DEFAULT NULL,
  `updated_at` timestamp NULL DEFAULT NULL
) ENGINE=InnoDB DEFAULT CHARSET=utf8mb4 COLLATE=utf8mb4_unicode_ci;

--
-- Dumping data for table `votes`
--

INSERT INTO `votes` (`id`, `services_id`, `user_id`, `vote`, `created_at`, `updated_at`) VALUES
(10, 15, 1, 4, '2018-04-20 21:18:07', '2018-04-20 21:18:07'),
(11, 15, 3, 3, '2018-04-20 21:18:42', '2018-04-20 21:18:42'),
(14, 14, 1, 4, '2018-04-21 08:01:07', '2018-04-21 08:01:07'),
(15, 10, 1, 2, '2018-04-21 08:04:14', '2018-04-21 08:04:14'),
(18, 11, 1, 4, '2018-04-21 09:06:11', '2018-04-21 09:06:11'),
(19, 11, 3, 5, '2018-04-21 09:10:19', '2018-04-21 09:10:19'),
(20, 14, 3, 2, '2018-04-21 09:12:33', '2018-04-21 09:12:33'),
(21, 10, 3, 4, '2018-04-21 09:14:06', '2018-04-21 09:14:06'),
(22, 9, 3, 5, '2018-04-21 09:18:51', '2018-04-21 09:18:51'),
(23, 9, 2, 5, '2018-04-21 09:19:53', '2018-04-21 09:19:53'),
(28, 16, 1, 3, '2018-04-21 12:39:33', '2018-04-21 12:39:33'),
(29, 16, 2, 5, '2018-04-21 12:40:22', '2018-04-21 12:40:22'),
(30, 13, 2, 5, '2018-04-21 20:39:14', '2018-04-21 20:39:14'),
(31, 13, 3, 5, '2018-04-24 13:39:32', '2018-04-24 13:39:32'),
(32, 12, 3, 5, '2018-04-24 13:40:24', '2018-04-24 13:40:24');

--
-- Indexes for dumped tables
--

--
-- Indexes for table `buy`
--
ALTER TABLE `buy`
  ADD PRIMARY KEY (`id`);

--
-- Indexes for table `cats`
--
ALTER TABLE `cats`
  ADD PRIMARY KEY (`id`);

--
-- Indexes for table `comments`
--
ALTER TABLE `comments`
  ADD PRIMARY KEY (`id`);

--
-- Indexes for table `favs`
--
ALTER TABLE `favs`
  ADD PRIMARY KEY (`id`);

--
-- Indexes for table `messages`
--
ALTER TABLE `messages`
  ADD PRIMARY KEY (`id`);

--
-- Indexes for table `migrations`
--
ALTER TABLE `migrations`
  ADD PRIMARY KEY (`id`);

--
-- Indexes for table `notifications`
--
ALTER TABLE `notifications`
  ADD PRIMARY KEY (`id`);

--
-- Indexes for table `orders`
--
ALTER TABLE `orders`
  ADD PRIMARY KEY (`id`);

--
-- Indexes for table `password_resets`
--
ALTER TABLE `password_resets`
  ADD KEY `password_resets_email_index` (`email`);

--
-- Indexes for table `pays`
--
ALTER TABLE `pays`
  ADD PRIMARY KEY (`id`);

--
-- Indexes for table `profit`
--
ALTER TABLE `profit`
  ADD PRIMARY KEY (`id`);

--
-- Indexes for table `services`
--
ALTER TABLE `services`
  ADD PRIMARY KEY (`id`);

--
-- Indexes for table `users`
--
ALTER TABLE `users`
  ADD PRIMARY KEY (`id`),
  ADD UNIQUE KEY `users_email_unique` (`email`);

--
-- Indexes for table `views`
--
ALTER TABLE `views`
  ADD PRIMARY KEY (`id`);

--
-- Indexes for table `votes`
--
ALTER TABLE `votes`
  ADD PRIMARY KEY (`id`);

--
-- AUTO_INCREMENT for dumped tables
--

--
-- AUTO_INCREMENT for table `buy`
--
ALTER TABLE `buy`
  MODIFY `id` int(11) NOT NULL AUTO_INCREMENT, AUTO_INCREMENT=20;

--
-- AUTO_INCREMENT for table `cats`
--
ALTER TABLE `cats`
  MODIFY `id` int(10) UNSIGNED NOT NULL AUTO_INCREMENT, AUTO_INCREMENT=11;

--
-- AUTO_INCREMENT for table `comments`
--
ALTER TABLE `comments`
  MODIFY `id` int(10) UNSIGNED NOT NULL AUTO_INCREMENT, AUTO_INCREMENT=57;

--
-- AUTO_INCREMENT for table `favs`
--
ALTER TABLE `favs`
  MODIFY `id` int(11) NOT NULL AUTO_INCREMENT, AUTO_INCREMENT=15;

--
-- AUTO_INCREMENT for table `messages`
--
ALTER TABLE `messages`
  MODIFY `id` int(10) UNSIGNED NOT NULL AUTO_INCREMENT, AUTO_INCREMENT=15;

--
-- AUTO_INCREMENT for table `migrations`
--
ALTER TABLE `migrations`
  MODIFY `id` int(10) UNSIGNED NOT NULL AUTO_INCREMENT, AUTO_INCREMENT=10;

--
-- AUTO_INCREMENT for table `notifications`
--
ALTER TABLE `notifications`
  MODIFY `id` int(10) UNSIGNED NOT NULL AUTO_INCREMENT, AUTO_INCREMENT=101;

--
-- AUTO_INCREMENT for table `orders`
--
ALTER TABLE `orders`
  MODIFY `id` int(10) UNSIGNED NOT NULL AUTO_INCREMENT, AUTO_INCREMENT=39;

--
-- AUTO_INCREMENT for table `pays`
--
ALTER TABLE `pays`
  MODIFY `id` int(11) NOT NULL AUTO_INCREMENT, AUTO_INCREMENT=17;

--
-- AUTO_INCREMENT for table `profit`
--
ALTER TABLE `profit`
  MODIFY `id` int(11) NOT NULL AUTO_INCREMENT, AUTO_INCREMENT=25;

--
-- AUTO_INCREMENT for table `services`
--
ALTER TABLE `services`
  MODIFY `id` int(10) UNSIGNED NOT NULL AUTO_INCREMENT, AUTO_INCREMENT=17;

--
-- AUTO_INCREMENT for table `users`
--
ALTER TABLE `users`
  MODIFY `id` int(10) UNSIGNED NOT NULL AUTO_INCREMENT, AUTO_INCREMENT=4;

--
-- AUTO_INCREMENT for table `views`
--
ALTER TABLE `views`
  MODIFY `id` int(11) NOT NULL AUTO_INCREMENT, AUTO_INCREMENT=34;

--
-- AUTO_INCREMENT for table `votes`
--
ALTER TABLE `votes`
  MODIFY `id` int(10) UNSIGNED NOT NULL AUTO_INCREMENT, AUTO_INCREMENT=33;
COMMIT;

/*!40101 SET CHARACTER_SET_CLIENT=@OLD_CHARACTER_SET_CLIENT */;
/*!40101 SET CHARACTER_SET_RESULTS=@OLD_CHARACTER_SET_RESULTS */;
/*!40101 SET COLLATION_CONNECTION=@OLD_COLLATION_CONNECTION */;
